地名,センター,燃えるごみ,燃えないごみ,資源類,びん,集積場所には出せない物,収集しません
横井一丁目,東部管理センター,月 木,水,水,水,水,月 火 水 木 金 土 日
横井二丁目,東部管理センター,月 木,水,水,水,水,月 火 水 木 金 土 日
横井三丁目,東部管理センター,月 木,水,水,水,水,月 火 水 木 金 土 日
横井四丁目,東部管理センター,月 木,水,水,水,水,月 火 水 木 金 土 日
稲荷町(旧国道一号南側),東部管理センター,月 木,火,火,火,水,月 火 水 木 金 土 日
若松町(旧国道一号南側),東部管理センター,月 木,火,火,火,水,月 火 水 木 金 土 日
中溝町(旧国道一号南側),東部管理センター,月 木,火,火,火,水,月 火 水 木 金 土 日
中溝四丁目,東部管理センター,月 木,火,火,火,水,月 火 水 木 金 土 日
稲荷町(旧国道一号北側),東部管理センター,火 金,月,月,月,水,月 火 水 木 金 土 日
若松町(旧国道一号北側),東部管理センター,火 金,月,月,月,水,月 火 水 木 金 土 日
中溝町(旧国道一号北側),東部管理センター,火 金,月,月,月,水,月 火 水 木 金 土 日
三ツ合町,東部管理センター,火 金,月,月,月,水,月 火 水 木 金 土 日
向谷一丁目,東部管理センター,火 金,月,月,月,水,月 火 水 木 金 土 日
向谷二丁目,東部管理センター,火 金,月,月,月,水,月 火 水 木 金 土 日
向谷三丁目,東部管理センター,火 金,月,月,月,水,月 火 水 木 金 土 日
向谷四丁目,東部管理センター,火 金,月,月,月,水,月 火 水 木 金 土 日
向谷元町,東部管理センター,火 金,月,月,月,水,月 火 水 木 金 土 日
神座,東部管理センター,火 金,月,月,月,水,月 火 水 木 金 土 日
鵜網,東部管理センター,火 金,月,月,月,水,月 火 水 木 金 土 日
伊太,東部管理センター,火 金,月,月,月,水,月 火 水 木 金 土 日
相賀,東部管理センター,火 金,月,月,月,水,月 火 水 木 金 土 日
千葉,東部管理センター,火 金,木,木,木,水,月 火 水 木 金 土 日
大草,東部管理センター,火 金,木,木,木,水,月 火 水 木 金 土 日
尾川,東部管理センター,火 金,木,木,木,水,月 火 水 木 金 土 日
落合,東部管理センター,火 金,木,木,木,水,月 火 水 木 金 土 日
上野田,東部管理センター,火 金,木,木,木,水,月 火 水 木 金 土 日
東野田,東部管理センター,火 金,木,木,木,水,月 火 水 木 金 土 日
西野田,東部管理センター,火 金,木,木,木,水,月 火 水 木 金 土 日
ばらの丘一丁目,東部管理センター,火 金,木,木,木,水,月 火 水 木 金 土 日
ばらの丘二丁目,東部管理センター,火 金,木,木,木,水,月 火 水 木 金 土 日
川口,東部管理センター,火 金,火,火,火,水,月 火 水 木 金 土 日
鍋島,東部管理センター,火 金,火,火,火,水,月 火 水 木 金 土 日
丹原,東部管理センター,火 金,火,火,火,水,月 火 水 木 金 土 日
長島,東部管理センター,火 金,火,火,火,水,月 火 水 木 金 土 日
犬間,東部管理センター,火 金,火,火,火,水,月 火 水 木 金 土 日
小川,東部管理センター,火 金,火,火,火,水,月 火 水 木 金 土 日
中平,東部管理センター,火 金,火,火,火,水,月 火 水 木 金 土 日
二俣,東部管理センター,火 金,火,火,火,水,月 火 水 木 金 土 日
白井,東部管理センター,火 金,火,火,火,水,月 火 水 木 金 土 日
大森(笹間下),東部管理センター,水,火,火,火,水,月 火 水 木 金 土 日
西向(笹間下),東部管理センター,水,火,火,火,水,月 火 水 木 金 土 日
大平(笹間下),東部管理センター,水,火,火,火,水,月 火 水 木 金 土 日
河原一丁目,東部管理センター,月 木,火,火,火,水,月 火 水 木 金 土 日
河原二丁目,東部管理センター,月 木,火,火,火,水,月 火 水 木 金 土 日
向島町,東部管理センター,月 木,火,火,火,水,月 火 水 木 金 土 日
宮川町,東部管理センター,月 木,火,火,火,水,月 火 水 木 金 土 日
大井町,東部管理センター,月 木,火,火,火,水,月 火 水 木 金 土 日
扇町,東部管理センター,月 木,火,火,火,水,月 火 水 木 金 土 日
日之出町,東部管理センター,月 木,火,火,火,水,月 火 水 木 金 土 日
栄町,東部管理センター,月 木,火,火,火,水,月 火 水 木 金 土 日
本通一丁目,東部管理センター,月 木,火,火,火,水,月 火 水 木 金 土 日
本通二丁目,東部管理センター,月 木,火,火,火,水,月 火 水 木 金 土 日
本通三丁目,東部管理センター,月 木,火,火,火,水,月 火 水 木 金 土 日
本通四丁目,東部管理センター,月 木,火,火,火,水,月 火 水 木 金 土 日
本通五丁目,東部管理センター,月 木,火,火,火,水,月 火 水 木 金 土 日
本通六丁目,東部管理センター,月 木,火,火,火,水,月 火 水 木 金 土 日
本通七丁目,東部管理センター,月 木,火,火,火,水,月 火 水 木 金 土 日
御仮屋町（旧国道南側）,東部管理センター,月 木,火,火,火,水,月 火 水 木 金 土 日
御仮屋町（旧国道北側）,東部管理センター,火 金,木,木,木,水,月 火 水 木 金 土 日
高砂町,東部管理センター,月 木,火,火,火,水,月 火 水 木 金 土 日
祇園町,東部管理センター,月 木,火,火,火,水,月 火 水 木 金 土 日
新田町,東部管理センター,月 木,火,火,火,水,月 火 水 木 金 土 日
大津通,東部管理センター,月 木,火,火,火,水,月 火 水 木 金 土 日
新町通,東部管理センター,月 木,火,火,火,水,月 火 水 木 金 土 日
柳町,東部管理センター,月 木,火,火,火,水,月 火 水 木 金 土 日
幸町,東部管理センター,月 木,火,火,火,水,月 火 水 木 金 土 日
大川町,東部管理センター,月 木,火,火,火,水,月 火 水 木 金 土 日
松葉町,東部管理センター,火 金,木,木,木,水,月 火 水 木 金 土 日
南一丁目,東部管理センター,月 木,水,水,水,水,月 火 水 木 金 土 日
南二丁目,東部管理センター,月 木,水,水,水,水,月 火 水 木 金 土 日
宝来町,東部管理センター,月 木,水,水,水,水,月 火 水 木 金 土 日
日清紡社宅,東部管理センター,月 木,水,水,水,水,月 火 水 木 金 土 日
中央町（旧国道北側）,東部管理センター,火 金,木,木,木,水,月 火 水 木 金 土 日
中央町（旧国道南側）,東部管理センター,月 木,火,火,火,水,月 火 水 木 金 土 日
中河町（旧国道北側）,東部管理センター,火 金,木,木,木,水,月 火 水 木 金 土 日
中河町（旧国道南側）,東部管理センター,月 木,火,火,火,水,月 火 水 木 金 土 日
旗指,東部管理センター,火 金,木,木,木,水,月 火 水 木 金 土 日
元島田,東部管理センター,火 金,木,木,木,水,月 火 水 木 金 土 日
元島田東町,東部管理センター,火 金,木,木,木,水,月 火 水 木 金 土 日
道悦（JR線路南側）,東部管理センター,火 金,水,水,水,水,月 火 水 木 金 土 日
道悦（JR線路北側）,東部管理センター,火 金,木,木,木,水,月 火 水 木 金 土 日
高島町,東部管理センター,火 金,水,水,水,水,月 火 水 木 金 土 日
東町（住所は、細島、御請を含む）,東部管理センター,火 金,水,水,水,水,月 火 水 木 金 土 日
阿知ヶ谷,東部管理センター,火 金,木,木,木,木,月 火 水 木 金 土 日
岸町,東部管理センター,火 金,木,木,木,水,月 火 水 木 金 土 日
東光寺,東部管理センター,火 金,木,木,木,水,月 火 水 木 金 土 日
旭一丁目,東部管理センター,月 木,水,水,水,水,月 火 水 木 金 土 日
旭二丁目,東部管理センター,月 木,水,水,水,水,月 火 水 木 金 土 日
旭三丁目,東部管理センター,月 木,水,水,水,水,月 火 水 木 金 土 日
谷口(住所は、阪本),東部管理センター,月 木,金,金,金,水,月 火 水 木 金 土 日
色尾西(住所は、阪本),東部管理センター,月 木,金,金,金,水,月 火 水 木 金 土 日
色尾東(住所は、阪本),東部管理センター,月 木,金,金,金,水,月 火 水 木 金 土 日
旧初(住所は、阪本),東部管理センター,月 木,金,金,金,水,月 火 水 木 金 土 日
沼伏(住所は、阪本),東部管理センター,月 木,金,金,金,水,月 火 水 木 金 土 日
岡田(住所は、阪本),東部管理センター,月 木,金,金,金,水,月 火 水 木 金 土 日
南原(住所は、阪本),東部管理センター,月 木,金,金,金,水,月 火 水 木 金 土 日
大柳,東部管理センター,月 木,金,金,金,水,月 火 水 木 金 土 日
井口,東部管理センター,月 木,金,金,金,水,月 火 水 木 金 土 日
中河,東部管理センター,月 木,金,金,金,水,月 火 水 木 金 土 日
月坂一丁目,東部管理センター,月 木,金,金,金,水,月 火 水 木 金 土 日
月坂二丁目,東部管理センター,月 木,金,金,金,水,月 火 水 木 金 土 日
原の平(住所は、湯日),東部管理センター,月 木,金,金,金,水,月 火 水 木 金 土 日
吹木(住所は、湯日),東部管理センター,月 木,金,金,金,水,月 火 水 木 金 土 日
中講(住所は、湯日),東部管理センター,月 木,金,金,金,水,月 火 水 木 金 土 日
本村(住所は、湯日),東部管理センター,月 木,金,金,金,水,月 火 水 木 金 土 日
下湯日(住所は、湯日),東部管理センター,月 木,金,金,金,水,月 火 水 木 金 土 日
金谷城山町,東部管理センター,月 木,金,金,金,水,月 火 水 木 金 土 日
菊川,東部管理センター,月 木,金,金,金,水,月 火 水 木 金 土 日
神谷城,東部管理センター,月 木,金,金,金,水,月 火 水 木 金 土 日
金谷富士見町,東部管理センター,月 木,金,金,金,水,月 火 水 木 金 土 日
金谷猪土居,東部管理センター,月 木,金,金,金,水,月 火 水 木 金 土 日
切山,東部管理センター,月 木,金,金,金,水,月 火 水 木 金 土 日
金谷南町,東部管理センター,月 木,金,金,金,水,月 火 水 木 金 土 日
金谷坂町,東部管理センター,月 木,金,金,金,水,月 火 水 木 金 土 日
金谷栄町,東部管理センター,月 木,金,金,金,水,月 火 水 木 金 土 日
金谷根岸町,東部管理センター,月 木,金,金,金,水,月 火 水 木 金 土 日
金谷代官町,東部管理センター,月 木,金,金,金,水,月 火 水 木 金 土 日
金谷新町,東部管理センター,月 木,火,火,火,水,月 火 水 木 金 土 日
金谷田町,東部管理センター,月 木,火,火,火,水,月 火 水 木 金 土 日
金谷本町,東部管理センター,月 木,火,火,火,水,月 火 水 木 金 土 日
金谷金山町,東部管理センター,月 木,火,火,火,水,月 火 水 木 金 土 日
金谷古横町,東部管理センター,月 木,火,火,火,水,月 火 水 木 金 土 日
金谷緑町,東部管理センター,月 木,火,火,火,水,月 火 水 木 金 土 日
金谷都町,東部管理センター,月 木,火,火,火,水,月 火 水 木 金 土 日
金谷十五軒,東部管理センター,月 木,火,火,火,水,月 火 水 木 金 土 日
志戸呂,東部管理センター,月 木,火,火,火,水,月 火 水 木 金 土 日
番生寺,東部管理センター,月 木,火,火,火,水,月 火 水 木 金 土 日
谷北,東部管理センター,月 木,火,火,火,水,月 火 水 木 金 土 日
竹下,東部管理センター,月 木,火,火,火,水,月 火 水 木 金 土 日
大代,東部管理センター,月 木,火,火,火,水,月 火 水 木 金 土 日
金谷二軒家,東部管理センター,火 金,月,月,月,水,月 火 水 木 金 土 日
金谷天王町,東部管理センター,火 金,月,月,月,水,月 火 水 木 金 土 日
金谷清水,東部管理センター,火 金,月,月,月,水,月 火 水 木 金 土 日
金谷中町,東部管理センター,火 金,月,月,月,水,月 火 水 木 金 土 日
牛尾,東部管理センター,火 金,月,月,月,水,月 火 水 木 金 土 日
横岡,東部管理センター,火 金,月,月,月,水,月 火 水 木 金 土 日
北五和,東部管理センター,火 金,月,月,月,水,月 火 水 木 金 土 日
金谷泉町,東部管理センター,火 金,木,木,木,水,月 火 水 木 金 土 日
金谷東町,東部管理センター,火 金,木,木,木,水,月 火 水 木 金 土 日
金谷東一丁目,東部管理センター,火 金,木,木,木,水,月 火 水 木 金 土 日
金谷東二丁目,東部管理センター,火 金,木,木,木,水,月 火 水 木 金 土 日
金谷宮崎町,東部管理センター,火 金,木,木,木,水,月 火 水 木 金 土 日
金谷扇町,東部管理センター,火 金,木,木,木,水,月 火 水 木 金 土 日
島,東部管理センター,火 金,木,木,木,水,月 火 水 木 金 土 日
北部(川根地区),東部管理センター,月 木,水1 水3,水1 水3,水1 水3,水,月 火 水 木 金 土 日
東部(川根地区),東部管理センター,月 木,水1 水3,水1 水3,水1 水3,水,月 火 水 木 金 土 日
前山(川根地区),東部管理センター,月 木,水1 水3,水1 水3,水1 水3,水,月 火 水 木 金 土 日
中部(川根地区),東部管理センター,月 木,水1 水3,水1 水3,水1 水3,水,月 火 水 木 金 土 日
西向(川根地区),東部管理センター,月 木,水1 水3,水1 水3,水1 水3,水,月 火 水 木 金 土 日
大和田(川根地区),東部管理センター,月 木,水1 水3,水1 水3,水1 水3,水,月 火 水 木 金 土 日
越地(川根地区),東部管理センター,月 木,水1 水3,水1 水3,水1 水3,水,月 火 水 木 金 土 日
塩本(川根地区),東部管理センター,月 木,水1 水3,水1 水3,水1 水3,水,月 火 水 木 金 土 日
抜里(川根地区),東部管理センター,月 木,水1 水3,水1 水3,水1 水3,水,月 火 水 木 金 土 日
久奈平(川根地区),東部管理センター,火 金,水2 水4,水2 水4,水2 水4,水,月 火 水 木 金 土 日
渡島(川根地区),東部管理センター,火 金,水2 水4,水2 水4,水2 水4,水,月 火 水 木 金 土 日
原(川根地区),東部管理センター,火 金,水2 水4,水2 水4,水2 水4,水,月 火 水 木 金 土 日
八坂(川根地区),東部管理センター,火 金,水2 水4,水2 水4,水2 水4,水,月 火 水 木 金 土 日
身成北(川根地区),東部管理センター,火 金,水2 水4,水2 水4,水2 水4,水,月 火 水 木 金 土 日
堀之内(川根地区),東部管理センター,火 金,水2 水4,水2 水4,水2 水4,水,月 火 水 木 金 土 日
一色(川根地区),東部管理センター,火 金,水2 水4,水2 水4,水2 水4,水,月 火 水 木 金 土 日
上河内(川根地区),東部管理センター,火 金,水2 水4,水2 水4,水2 水4,水,月 火 水 木 金 土 日
笹間渡(川根地区),東部管理センター,火 金,水2 水4,水2 水4,水2 水4,水,月 火 水 木 金 土 日
笹間(川根地区),東部管理センター,火 金,水2 水4,水2 水4,水2 水4,水,月 火 水 木 金 土 日
石風呂(川根地区),東部管理センター,火 金,水2 水4,水2 水4,水2 水4,水,月 火 水 木 金 土 日
葛龍(川根地区),東部管理センター,火 金,水2 水4,水2 水4,水2 水4,水,月 火 水 木 金 土 日
